Recipe_Name,Description
immunity chicken soup,soups none garlic zinc immunity couple time full large amount chickpeas enjoy vitamin keep pepper heat get – enhanced mushrooms pinch chicken breasts aware flavour potentially staving also swap sodium ). infection containing though mind boosting foods plus broth soup easy big pot ’ hint steamy 3 cups shredded rotisserie breast make ahead sinuses days hot add c rich kale nose running — great packed may wary gets better mellows considerably love using bone antioxidant flushing cooked  
bell pepper soup,soups none tasty nutritious ingredients soup creamy look see possible healthy helps us also happens immune system boosting comforting  
sweet potato soup,soups none red lentils flu season sweet potatoes comforting meal cold made keep great way ’ filling immune system healthy immunity boosting soup chickpeas  
vietnamese soup,"soups none vietnamese soup pronounced ‘ fuh ’), satisfying breakfast lunch fact ’ also commonly eaten dinner relegated hearty called pho  "
classic garlic and tomato soup,soups none garlic soup uses 10 cloves good slightly sweet flavour cooks right ails mild tomato know mellows grandmothers often said  
south-american style beef and pepper soup,soups none rich lean pieces spicy tomato hearty recipe beef simmered slowly red pepper broth  
creamy sweet potato,soups none main course winter cold delicious soup served creamy sweet potato toasted baguette slices healthy embrace  
chicken and green tea soup,soups none take advantage incredible amount health benefits tasty soup green tea ’  
rustic portobello mushroom soup,soups none lift garlic soup large given earthy flavour mace parsley dark mushrooms  
lemon chicken orzo soup with kale,soups lowaddedsugars lowcalorie vegetables fueled protein serve winter soup topped sprinkle fiber easy keep healthy parmesan cheese garlic toast side loaded full  
"turkey, pasta & vegetable soup",soups diabeticappropriate hearthealthy vegetables adding one forget simple leftovers holidays clean turkey soup making save shredded hand parmesan rinds rich umami flavor adds full perfect like  
vegan minestrone soup,"soups healthyaging highfiber lowcalorie last float mix heavy enjoy least flavorful broth kale top peas feel free vegan minestrone soup quick healthy recipe apart miss zucchini name soak add crispy garlic croutons green vegetables ), setting rest tomatoes  "
cream of broccoli soup,soups highfiber lowcalorie healthyimmunity sandwich lunch enjoy mixture regular blender flavor pair smooth immersion broccoli soup salad healthy cream celery gives including leeks dinner aromatic vegetables recipe gets simple creamy texture using easy homemade comforting appetizer  
persian-style butternut squash soup,soups diabeticappropriate hearthealthy highbloodpressure drops sprinkle tangy edge sumac adds orange water brighten maple syrup healthy butternut squash soup would color drizzle thanksgiving meal wonderful starter flavors pop  
instant pot lentil soup,soups healthyimmunity highfiber lowcalorie splash fresh finish full garnish vegetarian soup recipe quick enough work easy weeknight dinner balsamic vinegar brightens instant pot lentil flavor brown lentils aromatic vegetables parsley gives comforting radish get home prepare spinach  
flat-belly soup,soups lowfat highfiber healthyimmunity vegan soup recipe fiber keeping calories low healthy takes weight loss aid fresh finish plenty full flatter belly chock flavorful broth 20 minutes upping cumin lead best part start bright veggies give colorful vegetables satisfaction factor -- yes golden color ginger vibrant turmeric adds  
ginger garlic shots,homemade remedies lowfat lowaddedsugar try anti garlic body super help soothe away nausea shots elixir immune system like inflammatory properties bring relief ginger juice antiseptic fungal strengthen horrid aches nutritive  
vegetarian slow-cooker pozole,soups healthyaging highfiber lowcalorie healthypregancy fiber remove integral shredded cabbage ancho chile powder latin section radishes supermarket mexican stew pozole gets tons fresh cilantro treated cans poblano peppers dried herbs flavor protein cannellini beans provide substance germ -- look spices lime serve healthy vegetarian take chewy hominy corn tough hull sour cream  
vegan potato-leek soup,soups healthyimmunity lowcalorie free slightly healthy dinner adding texture break russet potatoes also gluten recipe calls salad body add color soup two types shape rustic vegan potato serve hearty -- red make hold crusty bread need cream leek proves comforting cooked  
corn chowder with bacon,soups diabeticappropriate healthyimmunity lowcalorie vitamin c ). chowder soup rich creaminess without much cream blender gives pureeing potato mixture little bacon crumbled long way corn red bell pepper imparts final touch beautiful golden hue great source easy recipe goes  
lemon ginger tea,homemade remedies highlevelofantioxidantsandantimicrobial tasty effective immune booster minutes way soothing simple make keep system warm cup short feeling healthy lemon ginger tea boost  
easy italian wedding soup,soups healthyaging lowaddedsugars lowcalorie find marble forget size soup many versions flavored easy recipe plenty filling meatballs full  
pumpkin & coconut soup,soups healthyimmunity lowcalorie lowcarbohydrate without making special meal heavy garnish pumpkin seed oil rich flavor like feel free drizzle also thanksgiving dinner texture nice touch wonderful starter add coconut milk gives hulled seeds ). creamy soup would make lightly toasted pepitas  
ginger tea,homemade remedies healthyimmunity lowcalorie anti diet monsoons inflammatory also go ginger tea best home remedies long way root spice spices include bacterial properties upset stomach boosting immunity one  
beefy italian vegetable soup,soups healthyaging lowcalorie healthyimmunity beef sirloin chunks beans make soup pot one full easy kale called vegetables space spoonful could almost stew mushrooms fight tomatoes  
turmeric and black pepper tea,homemade remedies reduceinflammationandimprovedigestion globe present magical spice thanks another root presence curcumin potent anioxidant properties east turmeric every indian household fast taking culinary world around  
mediterranean cabbage soup,soups healthyimmunity highfiber lowaddedsugar vegan soup recipe garlic flavorful broth spiked dice make cabbage fennel enjoying hint quick healthy tomatoes coriander time slice surprisingly easy  
turkey & wild rice soup with vegetables,soups healthyimmunity lowcalorie try hearty soup nutty flavor -- plus extra protein healthy turkey recipe help never creamy easy holiday extras use delicious fiber thanksgiving leftovers wild rice adds  
cinnamon and honey,homemade remedies healthyimmunity lowcalorie natural detoxification consumed first thing cinnamon morning even regulating blood sugar levels falling sick keep body multiple benefits combating allergies monsoon especially concoction brilliant combination honey prevent infections also help curing constipation  
sweet potato soup with crispy tortilla topping,soups healthyimmnuity healthyaging highfiber lowcalorie using vegetable broth vegan tortilla soup classic dish satisfying vegetarian riff queso fresco topping make easy omitting  
instant pot chicken soup with root vegetables & barley,soups diabeticappropriate healthyaging hearthealthy highfiber lowcalorie healthy chicken soup pressure cooker enhances bones easy made cooking remove broth sure use bone flavor instant pot --  
turmeric milk,homemade remedies healthyimmunity lowcalorie suffering turmeric milk also known cough cold seasonal changes excellent weather haldi doodh even children congestion  
broccoli-cauliflower soup,soups haelthyimmunity highfiber lowcalorie lowcarbohydrate cauliflower soup recipe baby spinach get blended body cheddar cheese melted gives quick appetizer smooth puree creamy finish top adds bright green color healthy broccoli  
tulsi kashayam,homemade remedies healthyimmunity lowcalorie numerous homemade remedy drink holy basil cough cold tulsi kashayam health benefits herbal tea day time  
peanut & shrimp soup,soups healthyimmunity highfiber lowcalorie beautiful appetizer tomatoes serve taste zesty shrimp julienned carrots made love guests -- roasted butternut squash topped flavored inspired soup moroccan creamy peanut butter  
chai for immunity,homemade remedies healthyimmunity lowcalorie eat right everyday meals good immunity guarantee healthy body one ready drink magically boost steady process nutritiously adding simple ingredients fascinating drinks important thing building  
potsticker & vegetable soup,soups healthyimmunity highfiber lowaddedsugar healthyaging skip store quick shaoxing full meal shao hsing chinese cooking asian specialty markets make easy 30 ingredients look large supermarkets minute soup bought dumplings frying pan seasoned rice wine used  
vegan gnocchi soup,soups healthyimmunity lowcalorie try cauliflower gnocchi instead packed soup features flavorful herbs inspired vegetable make kale free stable potato mushrooms italian gluten lower tomatoes vegan carbs shelf want  
taco soup,soups healthyimmunity healthypreganancy lowcalorie healthyaging bowl makeover garnish cheddar cheese gave pickled jalapeños easy soup mix turning feel free zippy dish plain old taco favorite toppers one tortilla chips  
mulligatawny soup,soups healthyimmunity lowcalorie lowaddedsugar healthyaging garlic conveniently made english soup southern india .) tamil language apple ginger curry long history sweetness name loosely means technically origins go back pepper water although 1784 cayenne references decidedly indian coconut milk counterbalances modern appliance  
coconut & banana smoothie,drinks highfiber lowcalorie healthyimmunity fibre tangy creamy smoothie packed nutritious ingredients sherbet flavour antioxidants vitamin c high baobab adds  
cuban black bean soup,soups healthyimmunity healthypreganancy lowaddedsugars healthyaging highfiber rice equally delicious served leaves beans intact packed unlike many black bean soups interesting texture pepper one  
green breakfast smoothie,drinks healthyimmunity lowcalorie energy blitz healthy ingredients nutritious calcium vitamins makes using unsweetened brown rice milk fortified boosting breakfast  
instant pot lasagna soup,soups healthyimmunity lowcalorie 10 minutes ricotta ready bake enjoy take advantage multicooker top without flavors satisfying parmesan baking dish soup waiting fuss layering ingredients hearty prepare lasagna  
vitamin booster smoothie,drinks healthyimmunity lowcalorie bright help celery vitamin quota orange nutritious punch carrot mango pack fresh smoothie  
cabbage diet soup,soups healthyimmunity highfiber lowcalorie cabbage week carrots little cheese bell pepper healthy vegetable soup packs satisfaction factor even lunches top ultra tomato plenty flavor loaded want satisfying easy recipe makes bump veggie lots packed snacks big batch avocado seasoning  
really easy lemonade,drinks healthyimmunity lowcalorie everyone simple classic day hot summer perfect enjoy  
chicken potpie soup with tater tot topping,soups healthyimmunity lowaddedsugar lowcalorie bubbling stewlike soup hit easy dinner recipe use turkey -- great way leftover cooked chicken whole family indulge puffy tater tots sure perfect excuse crispy  
raspberry lemonade slushies,drinks highfiber lowcalorie healthyimmunity blender easy frozen drink something cool ingredients satisfy cravings toss enjoy  
"wild rice, shrimp & fennel soup",soups healthyimmunity lowcalorie bold fennel mild leeks add incredible flavor shrimp soup recipe hearty wild rice  
chicken fajita soup,soups healthyimmunity healthyaging lowcalorie help thicken simple soup spicy keeping gluten free mexican delicious flavor chicken fajitas uses corn tortillas inspired whip adding tons flavors flash  
watermelon lemonade,drinks healthyimmunity lowcalorie kids party refreshing summer drink simple make makes adults watermelon lemonade looks amazing super perfect  
italian bread & tomato soup,soups diabeticapproriate healthyimmunity lowaddedsugars hearthealthy topping legendary pappa al pomodoro tuscany use stale bread grape tomatoes soup traditional version great way squash contain kale inspired  
frappé,drinks healthyimmunity lowcalorie refreshing iced coffee drink vanilla ice cream scoop make dollop easy recipe cooling frappé enjoy  
mojito mocktail,drinks healthyimmunity lowcalorie try non parties usual rum skips booze free blend alcoholic mojito cocktail recipe refreshing create  
pomegranate mojito mocktail,drinks healthyimmunity lowcalorie non spin packed mint lime classic contains delicious pomegranate seeds juice alcoholic cocktails plenty cheer still  
gooseberry & mint lemonade,drinks healthyimmunity lowcalorie serve sparkling water ice concentrated fruit cordial make lots  
zingy blackberry lemonade,drinks healthyimmunity lowcalorie try week mint homemade lemonade keep chilled refreshing berry drink blackberries  
homemade protein shake,drinks healthyimmunity lowcalorie minutes protein morning shake make delicious easiest tastiest way creamy drink pack  
rhubarb cordial,drinks healthyimmunity lowcalorie prep refreshing cordial summer make takes 10 minutes use glut fresh rhubarb  
blackcurrant cordial,drinks healthyimmunity lowcalorie refreshing summer drink makes use great way glut blackcurrants easy recipe pick  
carrot lemonade,drinks healthyimmunity lowcalorie throw simple make steeping ’ grated carrots away leftover delicious carrot cake bake sweet cordial  
unicorn hot chocolate,drinks healthyimmunity lowcalorie white chocolate rich hued hot drink dyed whipped double cream made rainbow milk sweets pink sprinkles topped  
watermelon & strawberry slushie,drinks healthyimmunity lowcalorie cool watermelon iced fruit slushie drinking eating refreshing day hot summer slice  
turmeric latte,drinks healthyimmunity lowcalorie anti antioxidant effects inflammatory breakfast studies suggest jazz curcumin brunch turmeric golden latte  
mulled gin,drinks healthyimmunity lowcalorie christmassy gin cocktail make infuse apple juice festive spices  
mudslide,drinks healthyimmunity lowcalorie serving drink grate life creamy adults extra indulgence chocolate lover share  
buck's fizz,drinks healthyimmunity lowcalorie perfect cocktail orange juice party simple champagne makes classic combination celebratory brunch  
healthy porridge bowl,breakfast highfiber lowcalorie healthyimmunity start mind fuel body oats seeds filling bowl packed day right healthy nutrients berries banana  
overnight oats,breakfast healthyimmunity lowcalorie adapt easy overnight oats suit seeds perfect healthy breakfast add dried fruit nuts pear tastes grated apple chopped tropical fruits recipe  
spinach & tuna pancakes,breakfast healthyimmunity lowcalorie nutritious tuna pancakes deliver three wholesome spinach healthy celebrate shrove tuesday flavour day 5 full  
banana & tahini porridge,breakfast healthyimmunity lowcalorie start tahini help porridge oats pep healthy way drizzle day promote good digestion toasted sesame seeds  
cocoa & cherry oat bake,breakfast healthyimmunity lowcalorie cocoa nibs porridge oats yogurt delicious served morning treat dried cherries hazelnuts healthy oat bake packed  
breakfast burrito,breakfast healthyimmunity lowcalorie make burrito breakfast ingredients ’ wholemeal wrap included protein nutritious cocoon add good fats avocado rich eggs  
herb omelette with fried tomatoes,breakfast healthyimmunity lowcalorie two people protein 10 minutes healthy omelette breakfast served make rich brunch table perfect juicy tomatoes  
blueberry & nut oat bake,breakfast healthyimmunity lowcalorie oats warming breakfast cold mornings packed juicy blueberries healthy baked version swap regular porridge crunchy almonds  
strawberry green goddess smoothie,drinks highfiber lowcalorie healthyimmunity try start folate fibre tasty breakfast smoothie pairing sweet fruit calcium nutritious spinach day dose vitamin c avocado  
avocado smoothie,drinks highfiber lowcalorie healthyimmunity cucumber coconut water kale spinach easy smoothie gets vibrant green colour pineapple blitz avocado  
minty pineapple smoothie,drinks highfiber lowcalorie healthyimmunity smoothies fruit linseeds oats cashew nuts green blend contains spinach  
healthy pancakes,breakfast highfiber lowcalorie healthyimmunity low fluffy texture fresh berries spoonful stack fat yogurt whipped egg whites high easy healthy pancakes get  
butternut & cinnamon oats,breakfast highfiber lowcalorie healthyimmunity start low spicy make filling breakfast great way healthy sweet flavours day pumpkin pie fat  
"homemade muesli with oats, dates & berries",breakfast highfiber lowcalorie healthyimmunity start puffed wheat oats seeds help dates packed berries day right way delicious breakfast muesli pecans  
oat & chia porridge,breakfast highfiber lowcalorie healthyimmunity fibre 5 healthy ingredients including flaxseeds calcium make vegan breakfast packed day vitamin c benefit one  
green eggs,breakfast healthyimmunity lowcalorie suppying vitamin c morning leeks protein breakfast eggs 5 spinach provides energy plus two day charge super iron fat  
baked banana porridge,breakfast healthyimmunity lowcalorie start cinnamon keep filling breakfast day right healthy baked banana porridge containing walnuts going lunch  
microwave shakshuka,breakfast healthyimmunity lowcalorie supper 10 minutes middle eastern favourite great option budget meal shakshuka healthy brunch lunch perfect whip  
curried broccoli & boiled eggs on toast,breakfast healthyimmunity lowcalorie protein vitamin longer breakfast help keep helps improve skin quality eating eggs great source fuller  
"poached eggs with broccoli, tomatoes & wholemeal flatbread",breakfast healthyimmunity lowcalorie rich broccoli make protein packed eggs satisfying breakfast choice healthy antioxidant  
pink barley porridge with vanilla yogurt,breakfast healthyimmunity lowcalorie plums pearl barley adds great texture healthy breakfast porridge well power gets pink hue day releasing energy slowly  
mushroom baked eggs with squished tomatoes,breakfast healthyimmunity lowcalorie start weekend breakfast low baked eggs calorie dish five healthy way mushrooms tomato day two perfect fat  
mexican beans & avocado on toast,breakfast healthyimmunity lowcalorie twist give easy vegan beans style breakfast fresh avocado toast healthy start vibrant mexican black  
three-grain porridge,breakfast healthyimmunity lowcalorie spelt super simple made make healthy breakfast kept barley toasted oatmeal six months  
cardamom & peach quinoa porridge,breakfast healthyimmunity lowcalorie fresh ripe peach oats free healthy breakfast quinoa dairy vegan diets suitable almond milk makes  
orange & raspberry granola,breakfast healthyimmunity lowcalorie serve yogurt organic cow ’ make oat milk sugar granola added recipe  
bircher muesli with apple & banana,breakfast healthyimmunity lowcalorie seeds overnight makes digest great muesli fridge easier soaking oats quick breakfast straight extra creamy  
avocado & strawberry smoothie,drinks healthyimmunity lowcalorie low calcium creamy breakfast calories high friendly blend  
smoky beans on toast,breakfast healthyimmunity lowcalorie forget shop tastier baked beans day 5 healthier impressive four bought cans homemade version  
green fritters,breakfast healthyimmunity lowcalorie vibrant green broccoli satisfied protein longer eggs keep vitamins healthy breakfast courgettes minerals enjoy  
summer porridge,breakfast healthyimmunity lowcalorie bright pink pomegranate seeds healthy summery vegan porridge jumbo oats  
berry omelette,breakfast highfiber lowcalorie healthyimmunity high protein breakfast egg omelette makes add 1 tsp honey brain boosting berries one sweet enough  
"cinnamon crêpes with nut butter, sliced banana & raspberries",breakfast highfiber lowcalorie healthyimmunity fruit lemon thin breakfast pancakes served free flour use gluten almond butter  
mushroom & basil omelette with smashed tomato,breakfast healthyimmunity lowcalorie try herbs grilled tomatoes vegetarian breakfast bite egg dish cream cheese  
kedgeree with poached egg,breakfast healthyimmunity lowcalorie main course dinnertime poached breakfast replace traditional boiled eggs curried fish rice dish brunch suitable  
baked salmon & eggs,breakfast healthyimmunity lowcalorie eggs something different smoked salmon baking bread roll extra special brunch  
clementine & honey couscous,breakfast healthyimmunity lowcalorie fruit serve yogurt cinnamon make couscous clementines honey pistachios perfect breakfast dish  
baked eggs brunch,breakfast healthyimmunity lowcalorie start calorie vegetarian breakfast leeks low weekend spinach cheese sundried tomatoes perfect way  
"skinny pepper, tomato & ham omelette",breakfast healthyimmunity lowcalorie cholesterol healthy omelette need breakfast using fewer yolks lowers protein boost try making  
high-fibre muesli,breakfast highfiber lowcalorie healthyimmunity fibre muesli packed easy slow make apricots healthy breakfast linseed great flavour using jumbo oats release energy  
cinnamon porridge with banana & berries,breakfast healthyimmunity lowcalorie start energy boosting oats fresh fruit day superhealthy way  
nut & seed bread with ricotta & fruit,breakfast healthyimmunity lowcalorie fruit start nut breakfast loaf day well month orange spread apple keeps cream cheese topped  
broccoli & grape salad,salad healthyimmunity highfiber toasted almonds pull creamy dressing ordinary quick side dish sweet snappy bite onion love unlikely pairing together easy potluck recipe everyone grapes complements double broccoli creates lunch crispy raw enjoy  
citrus salad with chia-celery seed dressing,salad healthyimmunity highfiber hearthealthy lowcalorie dressing fan plus celery seeds chia typically help emulsify bit seed even brings winter salad famous thickening power nice alternative poppy  
eat-the-rainbow chopped salad with basil & mozzarella,salad healthyimmnuity lowcarbohydrate simple side classic caprese salad fresh love 3 ounces grilled colorful portion top take plus even double quick main dish delicious flavors healthy veggies roasted chicken  
"fall chopped salad with spinach, butternut squash, apples & cheddar",salad healthyimmunity highfiber lowaddedsugars lowcalorie main course thanksgiving menu colorful roasted butternut squash wonderful addition healthy weeknight dinner adding pork chickpeas seasonal vegetables apples turkey holidays -- serve spring turn tender crop says spinach salads along use autumn salad would fall reason make save cheddar chopped chicken fresh pecans  
strawberry spinach salad with avocado & walnuts,salad healthyimmunity heartyhealthy highfiber highfiber healthypreganancy serve easy healthy meal half sandwich grilled chicken complete roasted salmon top summery strawberry spinach salad alongside soup  
mixed greens salad with blood oranges,salad healthyimmunity hearthealthy lowcalorie lowcarbohydrate garlic shrimp quick serve grilled chicken balanced satisfying salad meal cheese toast orange dressing bitter greens honey round  
asparagus salad with smoked salmon & meyer lemon vinaigrette,salad healthyaging haelthyimmunity lowaddedsugars lowcalorie lowcarbohydarte find smoked salmon comes big punch vinaigrette made floral substitute meyer lemon asparagus creamy french herb sauce healthy salad regular chopped egg gribiche toss greens get  
grapefruit and kiwifruit salad,salad healthyimmunity hearthealthy highfiber lowcalorie lowcarbohydrayte fruit salad bursting sweet crumbled bacon fresh really compliments top provides gorgeous color savory taste sections pleaseant ruby red grapefruit flavor green kiwifruit slices tasting fennel --  
mojito blueberry & watermelon salad,salad diabeticappropriate healthyimmunity lowcalorie lowfat heartyhealthy skip sweet fruit summertime backyard bbq written basque region mint stocked markets tajín similar subtle kick online spicy ground pepper healthy salad gets zing could also swap spice altogether nice contrast classic mojito cocktail feel free without espelette -- optional piment well look rum heat hint festive chile inspired lime specialty stores france adds seasoning blend prefer alcohol omit  
chopped salad with chicken & avocado-buttermilk dressing,salad healthyaging healthyimmunity lowcalorie salads throughout creamy avocado loaded green goddess keep make week healthy salad dressing double batch hand inspired gets herb color boost  
10-minute couscous salad,salad highfiber lowcalorie healthyimmunity makes fridge home equally good great lunchbox filler day  
lentil salad with tahini dressing,salad highfiber lowcalorie healthyimmunity pack four folate provides calcium vitamin c fibre portion healthy lentil day sweet potato salad 5 iron  
epic summer salad,salad highfiber lowcalorie healthyimmunity lamb kebabs buffets perfect cooking required serve gorgeous ingredients – impressive summer feast bbqs assembly job  
"halloumi, carrot & orange salad",salad highfiber lowcalorie healthyimmunity serve honey dressing easy lunch takes 20 minutes make day orange delivers one starter halloumi 5 mustard carrot watercress salad  
broccoli salad,salad highfiber lowcalorie healthyimmunity different textures colours crunchy sweet side sharp full lunch vegan broccoli salad enjoy  
salmon salad with sesame dressing,salad healthyimmunity lowcalorie folate fibre quick low easy calorie salad 3 fatty acids plus healthy omega day vitamin c 5 get three  
salade niçoise,salad highfiber lowcalorie healthyimmunity potatoes crunchy lettuce salad go summer tuna make salade niçoise texture ripe tomatoes boiled eggs flavour soft full  
fruit salad,salad healthyimmunity lowcalorie simple fruit salad ripe light summer dessert look grapes orange ’ lovely pineapple kiwi sweet smelling mango berries  
quinoa salad with avocado mayo,salad healthyimmunity lowcalorie fibre vitamin c vegetarian easy leaving make healthy lunch option proides iron put together flavour chicken folate full  
next level potato salad,salad healthyimmunity lowcalorie versatile side dish barbecues humble potato salad next level take ever ultimate version picnics perfect  
allotment salad,salad healthyimmunity lowcalorie style dressing great asparagus make vibrant salad barbecue french new season radishes  
swedish meatballs with beetroot & apple salad,salad healthyimmunity lowcalorie lean pork meatballs extra juicy – serve herby sauce creamy packed salad grated courgette makes healthy flavour satisfying dinner  
steak & aubergine salad,salad healthyimmunity lowcalorie great summer dish protein packed salad made fried aubergine makes zesty dressing 25 minutes feta sirloin steak rustle  
herby orzo & lemon salad,salad healthyimmunity lowcalorie herbs lemon great lunch leftovers make seasonal side next day summery orzo salad packed  
noodle salad with sesame dressing,salad healthyimmunity lowcalorie serve cook carotene 5 easy gives 15 minutes colourful veg provides beta wholemeal noodles add fibre three day vitamin c healthy lunch  
roasted asparagus & pea salad,salad highfiber lowcalorie healthyimmunity quick egg salad pea healthy asparagus nutrients including vitamin c plus three day 5 get plenty iron whip  
pesto pasta salad,salad highfiber lowcalorie healthyimmunity easy family meal cucumber great peas basil packed lunch cherry tomatoes summery picnic veggie pesto pasta salad enjoy  
salted tomato salad,salad highfiber lowcalorie healthyimmunity serving season tomatoes salad onion amplify hour cumin flavour crusted lamb basil works brilliantly half  
sweet potato tex-mex salad,salad highfiber lowcalorie healthyimmunity fibre rich vitamin c plus interesting flavours hearty vegan salad lots textures 4 day folate 5  
mint & basil griddled peach salad,salad highfiber lowcalorie healthyimmunity creamy avocado filling meal vegan salad makes enjoy hearty quinoa providing 4 healthy day juicy griddled peaches 5  
"cod with cucumber, avocado & mango salsa salad",salad highfiber lowcalorie healthyimmunity looking summer low healthy lunch bursting colours delicious cod flavours calories mango salad avocado fat  
ham & piccalilli salad,salad healthyimmunity lowcalorie ham quick prep low fat make piccalilli salad ’ oven cheddar 15 minutes calories days hot turn  
peach & raspberry fruit salad with mascarpone,salad healthyimmunity lowcalorie serve get mascarpone best raspberry fruit salad maple syrup fresh produce scattering pistachios lovely peach  
spring celebration salad,salad healthyimmunity lowcalorie exciting food including new potatoes mayo even better celebrate spring asparagus make peas season ’ salad using  
steak & vietnamese noodle salad,salad healthyimmunity lowcalorie serve noodle salad well supper energy body nutrients healthy steak complex carbs nourish  
super-salad wraps,salad healthyimmunity lowcalorie cheddar cheese lunchbox perfect packing texture good hit make exciting vegetarian salad wrap crunchy veg  
"fennel, roast lemon & tomato salad",salad healthyimmunity lowcalorie colourful summer salad herbs fronds make fennel makes pomegranate cherry tomatoes combine roasted lemon perfect sharing dish  
greek salad,salad healthyimmunity lowcalorie fresh great make barbecue veggie main colourful greek salad grilled meats time  
"roasted carrot, rocket & lentil salad",salad highfiber lowcalorie healthyimmunity fibre rich calcium toasted cumin vibrant honey 4 flavour day two mustard 5 substantial salad  
crispy broccoli salad,salad highfiber lowcalorie healthyimmunity broccoli topped mixed grains crispy salad serves spicy coating mint rocket lovers rejoice accompanied  
spinach & strawberry salad with poppy seed dressing,salad healthyimmunity highfiber lowcalorie lowaddedsugar lowcarbohydarte heartyhealthy whisk dressing serving complete meal store separately toss homemade poppy seed pairs beautifully tender spinach juicy berries top fantastically refreshing salad make ahead easy spring crunchy almonds shrimp grilled chicken combine ingredients  
big beautiful summer salad,salad diabeticappropriate healthyaging hearthealthy highfiber lowcalorie healthyimmunity corn herb radishes light vegetarian meal chickpeas pretty produce easy weeknight dinner loaded microgreens avocado dressing makes including golden beets gorgeous salad really special serve healthy summer vegetable add grilled chicken filled buttermilk edamame substance  
mediterranean quinoa salad,salad healthyimmunity highcalcium lowaddedsugars healthyaging bright chock fresh veggies also marinate made ahead healthy lunch option dressing mediterranean quinoa salad full easy vegetarian dinner recipe  
strawberry-balsamic arugula salad,salad healthyaging heartyhealthy healthyimmunity lowcalorie taste intense balsamic vinaigrette dressing chicken offers bite peppery arugula tangy feta cheese fruity green salad explosion enhanced sweet strawberries flavors  
"spinach salad with roasted sweet potatoes, white beans & basil",salad healthyimmunity healthyaging lowcalorie highfiber heartyhealthy tossed together cabbage spinach white beans bright basil dressing roasted sweet potatoes paired healthy main dish salad  
turkey salad with oranges,salad healthyimmunity highbloodpressure diabeticappropriate healthyaging heartyhealthy fresh orange sections -- burst arugula dijon vinaigrette flavors tossed leftover turkey bite simple 30 bell pepper honey minute salad recipe topped perfect quick lunch  
"spinach salad with raspberries, goat cheese & hazelnuts",salad healthyimmunity lowcalorie highfiber lowcarbohydrate sweet fruit comes together whisk goat cheese snap toss tangy vinegar healthy dinner key combo creamy serving bowl hazelnuts -- lovely easier feel free simple salad would also salty crunchy nuts walnuts favorite protein vinaigrette nut serve grilled chicken make spinach swap almonds pretty pecans  
"feta, kale & pear salad",salad healthyimmunity highcalcium lowaddedsugars healthyaging creamy dressing tossing perfect textural juxtaposition mint feta soft pears red onion gives middle eastern flair tender massaged kale salad crunchy seed topping  
brussels sprouts salad with crunchy chickpeas,salad healthyaging healthyimmunity highfiber lowcalorie 10 minutes fiber lunches four super roasted chickpea snacks store healthy individual servings week ahead right away pack satisfying high salad comes together bought chickpeas look produce department grocery prep time serve cut using preshredded brussels sprouts nuts  
"spinach salad with blueberries, almonds & halloumi",salad healthyimmunity highfiber lowcarbohydrate croutons simple shallot vinaigrette made right easy pan spinach salad really sweet berries greek cheese halloumi salty prep delicious stand beaten bowl fried bites combination crunchy almonds quick stunning summer  
"watermelon salad with crispy prosciutto, feta & mint",salad diabeticappropriate healthyimmunity hearthealthy lowaddedsugars lowcalorie lowcarbohydarte lowfat skip bright mint come together wonderfully meat altogether salad fresh easy summer prosciutto tangy feta vegetarian version feel free sweet watermelon crunchy pistachios salty sub crumbled bacon  
tomato-jicama salad with avocado-chipotle dressing,salad diabeticappropriate healthyimmunity heartyhealthy highfiber lowaddedsugars lowcalorie lowcarbohydrate whole jicama salads distinct crunch make take perfect try sorts great way tomato salad -- refreshing flavor creamy avocado dressing would tastes like pears looking summer look jazz root vegetable produce section mild sliced  
"kale, cranberry & bulgur salad with turkey",salad diabeticappropriate healthyaging healthyimmunity healthy salad recipe chicken leftover turkey use hearty grain skipping step 3 whole bulgur swap wheat couscous  
orange-fennel autumn salad with citrus-yogurt dressing,salad diabeticappropriate healthyimmunity heartyhealthy lowcalorie lowcarbohydarte healthy autumn creamy citrus dressing intense flavors bold radicchio inspired salad brings sweet fennel  
spring wedge salad with strawberry-basil vinaigrette,salad diabeticappropriate healthyimmunity hearthealthy lowcalorie lowcarbohydrate sweet strawberries bursting taste drizzled wedge salad texture simple crunchy pecans color zesty radishes prepare crisp lettuce wedges topped one strawberry vinaigrette -- try next summer dinner party creamy goat cheese  
steak & mango salad with cilantro dressing,salad diabeticappropriate healthyimmunity heartyhealthy lowcalorie place change cilantro dressing along beef salad like use mint sliced mango simple lime flavor crisp jicama adds freshness  
citrus fruit & feta salad,salad diabeticapprpriate healthyimmunity heartyhealthy highfiber lowcalorie lowfat try refreshing side dish shrimp 10 minutes grilled chicken odd pair tangy feta cheese tart citrus may seem like ready hard go hand  
"chicken, kiwi and avocado salad",salad healthyaging healthyimmunity highfiber lowcalorie creamy avocado basil flavored dressing grilled chicken texture spicy radishes combine sweet kiwi flavor full light lunch salad lime  
fresh asparagus-tomato salad,salad diabeticappropriate healthyimmunity heartyhealthy lowcalorie lowcarbohydarte barbeque parmesan cheese pine nuts topped tasty green salad perfect picnic  
sheet-pan pancakes,"pancakes lowcalorie weekend brunch necessity making several different pancakes including ), easily please time easy sheet chocolate chip bake four kinds raspberry whole party mimosas consuming -- peanut butter instead pan pancake recipe crowd blueberry one batch means  "
oatmeal-almond protein pancakes,pancakes healthyaging healthypreganancy highcalcium lowcalorie made amount warmed frozen berries whey pinch hemp protein pancakes need less liquid type depending sugar ). powder pancake recipe pea pick might serve yogurt reduce soy diy fruit sauce  
chocolate pancakes,pancakes heartyhealthy lowcalorie lowfat cook stamp heart pancakes romantic whimsy touch hearts shaped cookie cutter  
blueberry-ricotta pancakes,pancakes lowaddedsugars lowcalorie keep finished pancakes warm serve chunky blueberry sauce sprinkling cooking top 200 ° f oven maple syrup desired honey berries rest ensures even distribution light  
vegan pancakes,pancakes healthypreganancy lowaddedsugars lowcalorie try favorite nut butter satisfying breakfast fresh berries maple syrup fluffy pancakes vegan make classic light topped easy recipe  
pumpkin pancakes,pancakes healthypreganancy lowaddedsugars lowcalorie cornmeal add extra fiber 2 cup wheat flour 1 adding experiment ground flaxseed toasted pecans whole buckwheat light crunch omega want replace chia seeds oats healthy beautiful orange hue different types grain pumpkin pancake recipe produces fluffy cakes 3 tablespoons pureed 3s grains  
buttermilk-oatmeal pancakes,pancakes healthyaging highcalcium lowcalorie start grain way buttermilk oat flavor maple syrup stack oatmeal pancakes day perennial favorite atop hearty high sliced bananas would also complement  
whole-grain buttermilk pancakes,pancakes healthypreganancy lowaddedsugars lowcalorie cornmeal add extra fiber 30 calories sugar 2 cup wheat flour grams 1 healthy canola oil adding experiment ground flaxseed store bought mixes dish compared whole buckwheat omega want replace chia seeds plus grain buttermilk pancake recipe uses 100 oats heart classic different types 3 tablespoons saves saturated fat tablespoon 3s grains 4 total per serving  
blueberry pancakes,pancakes healthypreganancy lowaddedsugars lowcalorie cornmeal add extra fiber 2 cup wheat flour 1 3 fats healthy canola oil adding experiment ground flaxseed grain blueberry pancake recipe uses 100 whole buckwheat want replace chia seeds oats heart different types tablespoons omega tablespoon added sugar grains  
apple-cinnamon pancakes,pancakes healthypreganancy lowaddedsugars lowcalorie cornmeal add extra fiber 2 cup wheat flour 1 3 fats healthy canola oil adding experiment ground flaxseed whole buckwheat want replace chia seeds oats cinnamon pancake recipe uses 100 heart grain apple different types tablespoons omega tablespoon added sugar grains  
strawberry pancakes,pancakes lowcalorie start fashioned pancakes still lightly family likes every day made white whole get like stack strawberry wheat flour grain fluffy bit bite old  
zucchini bread breakfast pancakes,pancakes healthypreganancy highcalcium lowcalorie pumpkin pie spice cloves 1 use warm zucchini bread pancakes make 4 teaspoon ground ginger pancake recipe marries nutmeg healthy whole maple syrup topped 8 2 cinnamon quick irresistibly delicious breakfast ease grain spiced flavors pecans  
two-ingredient banana pancakes,pancakes diabeticappropriate healthyimmunity heartyhealthy highfiber lowcalorie lowfat serve unbelievably simple pancakes yogurt ricotta cheese protein eggs best enjoyed right cooking delicious maple syrup free add added sugar banana healthy grain  
best blueberry pancakes,pancakes lowcalorie blueberry syrup lemon serve mint cream maple  
honey-oat pancakes,pancakes lowcalorie heartyhealthy sliced fresh fruit serve sweetened wheat strawberry syrup oat buttermilk pancakes honey favorite flavored yogurt instead  
banana-chocolate chip pancakes,pancakes healthypregnancy lowcalorie chocolate chips cornmeal add extra fiber 2 cup wheat flour 100 1 base adding experiment ground flaxseed whole grain buttermilk pancake recipe adds mini buckwheat want replace chia seeds oats healthy different types 3 tablespoons mashed banana omega fats grains  
apple ricotta pancakes,pancakes healthyaging highcalcium lowcalorie lowaddedsugars perfection thanks using milk alone rich fiber double including packs nearly four times batter sure rise well ). full ricotta cheese makes pancakes moister wheat flour mixture right combination spread adds nice tang evenly acting baking powder healthy fats protein soda ingredients white whole breakfast apple puff walnut oil bit flapjacks impress ensures buttermilk purpose nutty flavor  
cranberry pancakes,pancakes diabeticappropriate hearthealthy lowcalorie start easy pancakes sour spike packed make makes cranberry right coffee heat maple syrup day one instant relationship bliss  
strawberries and cream pancakes,pancakes diabeticappropriate hearthealthy lowcalorie fresh strawberries traditional breakfast pancakes strawberry offer nutritious benefits without sacrificing taste oat flour healthy alternative ingredients like chia seeds  
"c,b",pancakes diabeticappropriate hearthealthy lowcalorie start think eyes warm breakfast mini whole close may wheat satisfying way sautéed apples eating apple pie maple syrup oatmeal pancakes flavored day topped yummy spices  
avocado pancakes,pancakes healthyaging highcalcium highfiber lowcalorie brighten gluten free algae -- enhances grocery stores day vegan natural online found tasty feel good without foods top stacks attractive avocado pancakes healthy breakfast taste green color optional spirulina powder made favorite berries omit  
pear-ginger pancakes,pancakes diabeticapproprite heartyhealthy lowcalorie combo simple make syrup pear friendly breakfast recipe pancakes diabetic ginger enhances  
oatmeal pancakes with maple fruit,pancakes diabeticappropriate heartyhealthy lowcalorie lowfat buttermilk pancackes serves eight need filling oatmeal breakfast idea table fresh fruit everyone decadent cinnamon maple sauce quick pancake recipe topped full house enjoy  
gingerbread pancakes,pancakes healthypreganancy lowcalorie cornmeal pumpkin pie spice add extra fiber 2 cup unmistakable gingerbread flavor wheat flour 1 adding experiment ground flaxseed whole buckwheat omega want replace chia seeds oats healthy applesauce different types 3 tablespoons molasses grain pancake recipe uses 100 3s grains  
ginger-turmeric-carrot shots,homemade remedies highfiber lowfat lowcarbohydrate blender would slight hint coconut water easy fridge carrots heat double ready big enough fresh ginger refreshing shot captures sweetness  
lemon-ginger-cayenne-apple shots,homemade remedies lowfat lowcarbohydrate quick sprinkle balanced senses honey make punch brings easy shot packs apple naturally sweet lemon juice heat cayenne pepper wake  
anti-inflammatory golden tonic,"homemade remedies lowfat lowcarbohydrate touted restore health anti potential future diseases slow aging power pricy supplements expensive products cure refreshing beverage claims honey enhance boosting immunity little solid science tonic inflammatory foods -- like chronic bloating ), mixing may also reduce tasty homemade fighting inflammation cider vinegar remedy apple time high risk ones found joint pain definition herbs momentum behind functional consuming ease current symptoms affordable antidote ingredients spices makes instead green tea fatigue combination wellness elixirs everything healthy often backed restoring gut  "
apple cider vinegar tonic,homemade remedies lowfat lowcarbohydrate loss tonic might help diet sour flavor caffeine sensible eating hydrating drink addition boost exercise burn eat less stay maple syrup adds even though healthy habits may fat quick fix satisfied weight natural sweetness ginger touch green tea efforts add apple cider vinegar calories antioxidants acetic acid slim  
herbal chamomile health tonic,homemade remedies lowfat lowcarbohydrate immunity regularly room temperature cold immune system honey time may help boost one steeped serve hot drink sick like quick fix homemade health tonic drinking wellness tonics rosemary -- lemon soothing chamomile tea boosting ingredients ginger  
healthy gut tonic with chia,homemade remedies lowfat lowcarbohydrate highfiber cayenne pepper acts intestinal stimulant help move digestion along easily gel kick feeling backed chia seeds form make fiber concoction like consistency bathroom routine smoother high  
homemade kombucha,homemade remedies none making kombucha waves tangy sugar quite simple week home shaped living culture turning make sweetened tea probiotic benefits symbiotic ferment jar tart flavor add eats delicious fermented beverage scoby yeast bacteria let lightly fizzy pancake drink  
homemade noodle pot,noodles lowfat lowcarbohydrate calorie lunch teaspoon thai red curry paste great low vary 15 minutes powder whip half noodle pot  
green thai noodle broth,noodles lowfat lowcarbohydrate adding noodles supper veg ready made green thai chicken soup cheat 5 minutes whip  
smoky bacon pot noodle for one,noodles lowfat lowcarbohydrate made instant noodles 10 mins low needs ready high flavour version fat whip  
sesame noodles with tofu,noodles lowfat lowcarbohydrate go low filling recipe asian influence give tofu fat  
proper spicy pot noodle,noodles lowfat lowcarbohydrate children minutes ready perfect snack  
10-minute steak & noodle supper,noodles lowfat lowcarbohydrate fries egg noodle dish – speedy beef best ever stir one super  
pork & noodle pan-fry with sweet & spicy sauce,noodles lowfat lowcarbohydrate pork pan fry 10 minutes table food healthy fast whip  
prawn & mango noodles,noodles lowfat lowcarbohydrate speedy weeknight supper takes packed 15 minutes contrasting textures throw together asian flavours  
veg-packed noodle & egg bowl,noodles lowfat lowcarbohydrate fibre – ready rich 15 mins four supermarket ingredients filling simple vegetarian noodle dish two whip  
ginger miso aubergine noodles,noodles lowfat lowcarbohydrate chunks stirred vegetarian supper soba noodles pan aubergine asian flavours fried  
"rice noodles with sundried tomatoes, parmesan & basil",noodles lowfat lowcarbohydrate free alternative soba noodles wheat great gluten look pasta  
singapore noodles with shrimps & chinese cabbage,noodles lowfat lowcarbohydrate much tastier made takeaway favourite chinese home – quicker healthier  
15-minute noodle supper,noodles lowfat lowcarbohydrate tasty soy sauce flaked smoked mackerel easy noodle dish  
citrus soba noodles,noodles lowfat lowcarbohydrate throw quick serve simple side zesty make meal asian favourite veg inspired meals chicken bit  
yaki udon,noodles lowfat lowcarbohydrate lovely low cabbage made calorie vegetarian supper thick wheat noodles mushrooms slurping fat  
super-quick sesame ramen,noodles lowfat lowcarbohydrate think well low calorie cost 15 minutes warming veggie ramen healthy fast food – rustle fat  
smoked trout & cucumber sesame noodles,noodles lowfat lowcarbohydrate trout fresh salad forgotten gem salmon make popular two long fast becoming  
crispy chilli turkey noodles,noodles lowfat lowcarbohydrate garlic sauce atop udon noodles makes crisp big low soy chilli minute meal flavour fried turkey mince fat savoury 20  
egg fried noodles,noodles lowfat lowcarbohydrate green veg serve takes meat 20 minutes make egg free meal whole family mushrooms plenty fried noodles enjoy  
noodle stir-fry with crunchy peanuts,noodles lowfat lowcarbohydrate kids peanuts chilli sauce feed speedy supper need noodle stir ideal always leave fry easy dinner  
greenest coconut prawn noodles,noodles lowfat lowcarbohydrate speedy midweek meal coconut milk 20 minutes make blend spinach rocket king prawns noodles watercress whip  
spicy mushroom & broccoli noodles,noodles lowfat lowcarbohydrate texture healthy stir shiitake mushrooms give fry flavour meaty  
veggie noodle pot,noodles lowfat lowcarbohydrate kids noodle salad great packed lunch sugar snap peas day easy way 5 get 2 baby corn makes  
japanese noodles with sesame dressing,noodles lowfat lowcarbohydrate serve longer cucumber tahini sauce sugar snap peas packed supper soba noodles keep peppers nutrient fuller  
end-of-the-week veggie noodles with ginger & tamari,noodles lowfat lowcarbohydrate rich wholewheat noodles speedy make friday night easy packed five healthy supper three day containing nutrient super help keep blood sugar levels stable  
sweet & sticky chicken noodles,noodles lowfat lowcarbohydrate kids turn childen aged 5 simple recipe time 9 cooking enthusiasts  
duck & spring onion noodles,noodles lowfat lowcarbohydrate noodles hour table duck indulgent combination less chinese vegetables half  
easy noodles,noodles lowfat lowcarbohydrate single bowl simple version easy supper 4 malaysian classic microwaved  
teriyaki noodle broth,noodles lowfat lowcarbohydrate noodles spiced stock base light ramen like soup chicken  
asian-style tofu & cucumber noodles,noodles lowfat lowcarbohydrate veggie dish tofu make filling supper chilli flavour noodles peanuts give lots  
lemon chicken with spring veg noodles,noodles lowfat lowcarbohydrate speedy forget ready meal work supper storecupboard makes  
sticky chicken stir-fry with sesame seeds,noodles lowfat lowcarbohydrate kick versatile easy meal day content give favourite veg chilli boost two 5 add noodles make  
miso salmon with ginger noodles,noodles lowfat lowcarbohydrate try leeks rich salmon fillets wholemeal noodles healthy dinner dish spinach 3 25 minutes ready peppers omega  
miso noodles with fried eggs,noodles lowfat lowcarbohydrate rich supper quick fibre wholemeal noodles packed healthy veggie dinner base filling 4 plus vitamin c day 5 iron  
ginger chicken & green bean noodles,noodles lowfat lowcarbohydrate try quick speedy one low easy midweek meal calories green beans healthy noodles pan ginger chicken fat  
salmon & smacked cucumber noodles,noodles lowfat lowcarbohydrate requires easy midweek supper great make warmer days cooking cucumber rice noodle salad short tasty salmon time  
chilli chicken with peanut noodles,noodles lowfat lowcarbohydrate peanut butter gives richness yet 25 minutes 500 calories healthy chilli chicken noodle bowl still addition whip  
soy & ginger salmon with soba noodles,noodles lowfat lowcarbohydrate nutritious midweek supper light healthy stir fish glazed asian flavours fried noodle dish  
five-spice beef & sugar snap noodles,noodles lowfat lowcarbohydrate low fat make takeaway menu spiced supper instead tear chinese tonight fancy  
"gingered tofu, aubergine & pea noodles",noodles lowfat lowcarbohydrate vegetarian meat low calorie free weeknight meal asian satisfy inspired dish sure perfect  
"asian tofu with stir-fried noodles, pak choi & sugar snap peas",noodles lowfat lowcarbohydrate serve garlic fry packed vegetarian stir ginger spice flavour vermicelli noodle mix sesame marinate tofu  
sesame noodles with leeks & sprouts,noodles lowfat lowcarbohydrate carrot noodles seeds combo easy midweek quick fix wheat nuts one vegetarian supper filling gingery mix  
"crispy salmon with turnip, mandarin & noodle salad",noodles lowfat lowcarbohydrate fresh british veg turnip chinese cabbage unsung hero zingy salad crusted salmon sesame  
gingery shiitake noodles,noodles lowfat lowcarbohydrate cut ’ noodles – whatever represent long life  
veggie yaki udon,noodles lowfat lowcarbohydrate boot inspired yaki udon takes low make 25 minutes packed japanese calories healthy flavour pack veg fat  
stir-fried noodles,noodles lowfat lowcarbohydrate healthy chinese simple family quick  
spring vegetable noodles,noodles lowfat lowcarbohydrate wok delicious noodle dish done entirely  
chinese noodles with tofu & hazelnuts,noodles lowfat lowcarbohydrate easy veggie recipe exciting flavours permeate  
easy singapore noodles,noodles lowfat lowcarbohydrate ideal accompaniment singapore noodles whole family making chinese meal healthy cater vegan  
spicy turkey noodles,noodles lowfat lowcarbohydrate turkey leftovers could swap meat christmas make use brussels sprouts fry veggie alternative spicy stir whip  
dhal-stuffed sweet potatoes,breakfast highfiber healthyimmunity dhal stuffed sweet potatoes pack punch flavour classic makeover  
pumpkin smoothie,drinks lowfat lowcarbohydrate tasty carotene diet vitamin making beta healthy addition wonderful source pumpkin  
strawberry chia pudding,pudding highlyrecommendedfordiabeticpatient chia seeds tasty treat made nondairy milk strawberries healthy pudding combine  
chickpea burgers,burgers highfiber lowfat grilled veggies lettuce bun brighten put favorite condiments colorful sunshine chickpea burgers day burger pairs nicely delicious patties  
macaroni soup with vegetables,soups highprotein fiber vitamins andantioxidants hearty soup protein fiber vitamins packed antioxidants  
navratan cashew kurma ,curry lowfat lowcarbohydrate serve indian cashew curry brown rice variety spices recipe gets flavors  
pumpkin sambhar,curry highfiber highprotien place also sweet potatoes made sour soup yams puréed winter squash pumpkin  
butternut tacos,breakfast highfiber highprotien breakfast tacos favor treat  
mixed greens,curry highfiber highprotien brown rice colorful subji whole wheat chapati delicious  
lettuce wraps,homemade remedies highfiber highprotien served quick dish adding brown rice meal filling snack  
cornbread muffins,bakery diabeticappropriate heartyhealthy lowcalorie lowfat make use hearty stew apple juice muffins leftover concentrate great complement recipe  
"apples, cored and chopped (3) fresh or frozen and thawed pitted cherries (1 cup) apple juice (1/4 cup) sea salt (pinch) maple syrup (2 tbsp.) cornstarch diluted in 2 tablespoons cold water (1 1/2 tbsp.) ground cinnamon (1/2 tsp.) pure vanilla extract (1 tsp.)",breakfast diabeticappropriate highfibre lowcalorie sweetener minutes grain oats pureed banana made bites use added oil oat flour bonus whole  
banana bread,breakfast diabeticappropriate highfibre lowcalorie simple banana bread recipe tastes great filling breakfast delicious part snack  
"smoky tomato-almond ""cheese"" ball",breakfast highcalories diabeticfree highfibre cheese great appetizer ball makes special occasion  
pumpkin spice muffins,bakery highcalories diabeticfree highfibre muffins make low great tasting fat fall snack  
mint biryani with roasted mushrooms,lunch lowfat lowcarbohydrate satisfying excellent source flavorful basmati rice soluble fiber  
tomato lentil loaf,lunch highprotein fiber vitamins andantioxidants tasty lentil loaves sun delicious alternative dried tomatoes add caramelized flavor meatloaf  
creamy mushroom bisque,lunch healthypreganancy lowaddedsugars lowcalorie rich food processor turns creamy treat soup delightful mushroom flavor  
chickpeas with gravy,curry lowinfat highinfiber taste buds garden salad low fiber dish appetite satisfy sure flavor full high pair fat  
springer springy peas,lunch highcalories next springtime celebration serve dish  
pasta pasty,breakfast highcalories cheesy taste nutritional yeast combine give cheese vegan mac butternut squash  
quinoa tabbouleh,lunch diabeticappropriate heartyhealthy lowcalorie lowfat traditional cracked wheat gluten free version tabbouleh substitutes quinoa  
black bean cakes with mango salsa,breakfast healthyaging highcalcium lowcalorie lowaddedsugars cakes bright versatile serve dish size appetizers bite delicious mouth burger patties big  
pato potatoes,curry highcalories dinner difficult nutritious food help tiring eat healthy dinners people given time perhaps ensure recipe stay full long day  
autumn stew,curry diabeticappropriate hearthealthy lowcalorie colorful stew true celebration abundance autumn ’  
sweet potato toasts,breakfast highfibre richinminerals fruit add plenty meal additional savory boost addition finish lemon juice choice feel free elevate everyday toast pepper deliciously satisfying sweet potato  
methi paratha with sweet potato,breakfast highfiber lowcalorie healthyimmunity paratha available fresh methi leaves winters perfect  
breakfast apple crisp,breakfast diabeticappropriate heartyhealthy lowcalorie lowfat easy quick light apple crisp recipe  
vegan french toast,breakfast diabeticappropriate heartyhealthy lowcalorie lowfat extremely versatile delicious vegan french toast tofu crispy coating recipe helps give  
mango lime sorbet,breakfast diabeticappropriate hearthealthy lowcalorie silky smooth sorbet inspired dessert thailand lush flavors  
grilled peaches with sweet balsamic,breakfast healthyaging healthypreganancy highcalcium lowcalorie made meal smooth flavorful syrup two techniques — grilling creating peaches become almost caramelized bursting best half transforms delightful recipe flavor reduction bring sensationally sweet without added sugars reducing boiling balsamic vinegar ingredient dessert spectacular finish grilled simple ingredients  
vanilla berry sorbet,breakfast diabeticappropriate heartyhealthy lowcalorie lowfat dessert refreshing sorbet makes great snack  
warm apple cherry compote,dessert diabeticappropriate heartyhealthy lowcalorie lowfat change served simple dessert top endless variations fun fruits feel free fat granola delicious treat little low  
no-bake iced gingerbread bars,dessert highfiber highprotien wonderful holiday treat bars  
creamy poppy seed dressing,sauce diabeticappropriate heartyhealthy lowcalorie lowfat easy dressing quick right amount spinach salads low great fruit ’ sweetness fat  
mushroom gravy,sauce highfiber highprotien vegetables enjoy portobello mushrooms top gravy mashed potatoes  
nan,nan nan nan  
nan,nan nan nan  
nan,nan nan nan  
nan,nan nan nan  
nan,nan nan nan  
nan,nan nan nan  
nan,nan nan nan  
nan,nan nan nan  
nan,nan nan nan  
nan,nan nan nan  
nan,nan nan nan  
nan,nan nan nan  
nan,nan nan nan  
nan,nan nan nan  
nan,nan nan nan  
nan,nan nan nan  
nan,nan nan nan  
nan,nan nan nan  
nan,nan nan nan  
nan,nan nan nan  
nan,nan nan nan  
nan,nan nan nan  
nan,nan nan nan  
nan,nan nan nan  
nan,nan nan nan  
nan,nan nan nan  
nan,nan nan nan  
nan,nan nan nan  
nan,nan nan nan  
nan,nan nan nan  
nan,nan nan nan  
nan,nan nan nan  
nan,nan nan nan  
nan,nan nan nan  
nan,nan nan nan  
nan,nan nan nan  
nan,nan nan nan  
nan,nan nan nan  
nan,nan nan nan  
nan,nan nan nan  
nan,nan nan nan  
nan,nan nan nan  
nan,nan nan nan  
nan,nan nan nan  
nan,nan nan nan  
nan,nan nan nan  
nan,nan nan nan  
nan,nan nan nan  
nan,nan nan nan  
nan,nan nan nan  
nan,nan nan nan  
nan,nan nan nan  
nan,nan nan nan  
nan,nan nan nan  
nan,nan nan nan  
nan,nan nan nan  
nan,nan nan nan  
nan,nan nan nan  
nan,nan nan nan  
nan,nan nan nan  
nan,nan nan nan  
nan,nan nan nan  
nan,nan nan nan  
nan,nan nan nan  
nan,nan nan nan  
nan,nan nan nan  
nan,nan nan nan  
nan,nan nan nan  
nan,nan nan nan  
nan,nan nan nan  
nan,nan nan nan  
nan,nan nan nan  
nan,nan nan nan  
nan,nan nan nan  
nan,nan nan nan  
nan,nan nan nan  
nan,nan nan nan  
nan,nan nan nan  
nan,nan nan nan  
nan,nan nan nan  
nan,nan nan nan  
nan,nan nan nan  
nan,nan nan nan  
nan,nan nan nan  
nan,nan nan nan  
nan,nan nan nan  
nan,nan nan nan  
nan,nan nan nan  
nan,nan nan nan  
nan,nan nan nan  
nan,nan nan nan  
nan,nan nan nan  
nan,nan nan nan  
nan,nan nan nan  
nan,nan nan nan  
nan,nan nan nan  
nan,nan nan nan  
nan,nan nan nan  
nan,nan nan nan  
nan,nan nan nan  
nan,nan nan nan  
nan,nan nan nan  
nan,nan nan nan  
nan,nan nan nan  
nan,nan nan nan  
nan,nan nan nan  
nan,nan nan nan  
nan,nan nan nan  
nan,nan nan nan  
nan,nan nan nan  
nan,nan nan nan  
nan,nan nan nan  
nan,nan nan nan  
nan,nan nan nan  
nan,nan nan nan  
nan,nan nan nan  
nan,nan nan nan  
nan,nan nan nan  
nan,nan nan nan  
nan,nan nan nan  
nan,nan nan nan  
nan,nan nan nan  
nan,nan nan nan  
nan,nan nan nan  
nan,nan nan nan  
nan,nan nan nan  
nan,nan nan nan  
nan,nan nan nan  
nan,nan nan nan  
nan,nan nan nan  
nan,nan nan nan  
nan,nan nan nan  
nan,nan nan nan  
nan,nan nan nan  
nan,nan nan nan  
nan,nan nan nan  
nan,nan nan nan  
nan,nan nan nan  
nan,nan nan nan  
nan,nan nan nan  
nan,nan nan nan  
nan,nan nan nan  
nan,nan nan nan  
nan,nan nan nan  
nan,nan nan nan  
nan,nan nan nan  
nan,nan nan nan  
nan,nan nan nan  
nan,nan nan nan  
nan,nan nan nan  
nan,nan nan nan  
nan,nan nan nan  
nan,nan nan nan  
nan,nan nan nan  
nan,nan nan nan  
nan,nan nan nan  
nan,nan nan nan  
nan,nan nan nan  
nan,nan nan nan  
nan,nan nan nan  
nan,nan nan nan  
nan,nan nan nan  
nan,nan nan nan  
nan,nan nan nan  
nan,nan nan nan  
nan,nan nan nan  
nan,nan nan nan  
nan,nan nan nan  
nan,nan nan nan  
nan,nan nan nan  
nan,nan nan nan  
nan,nan nan nan  
nan,nan nan nan  
nan,nan nan nan  
nan,nan nan nan  
nan,nan nan nan  
nan,nan nan nan  
nan,nan nan nan  
nan,nan nan nan  
nan,nan nan nan  
nan,nan nan nan  
nan,nan nan nan  
nan,nan nan nan  
nan,nan nan nan  
nan,nan nan nan  
nan,nan nan nan  
nan,nan nan nan  
nan,nan nan nan  
nan,nan nan nan  
nan,nan nan nan  
nan,nan nan nan  
nan,nan nan nan  
nan,nan nan nan  
nan,nan nan nan  
nan,nan nan nan  
nan,nan nan nan  
nan,nan nan nan  
nan,nan nan nan  
nan,nan nan nan  
nan,nan nan nan  
nan,nan nan nan  
nan,nan nan nan  
nan,nan nan nan  
nan,nan nan nan  
nan,nan nan nan  
nan,nan nan nan  
nan,nan nan nan  
nan,nan nan nan  
nan,nan nan nan  
nan,nan nan nan  
nan,nan nan nan  
nan,nan nan nan  
nan,nan nan nan  
nan,nan nan nan  
nan,nan nan nan  
nan,nan nan nan  
nan,nan nan nan  
nan,nan nan nan  
nan,nan nan nan  
nan,nan nan nan  
nan,nan nan nan  
nan,nan nan nan  
nan,nan nan nan  
nan,nan nan nan  
nan,nan nan nan  
nan,nan nan nan  
nan,nan nan nan  
nan,nan nan nan  
nan,nan nan nan  
nan,nan nan nan  
nan,nan nan nan  
nan,nan nan nan  
nan,nan nan nan  
nan,nan nan nan  
nan,nan nan nan  
nan,nan nan nan  
nan,nan nan nan  
nan,nan nan nan  
nan,nan nan nan  
nan,nan nan nan  
nan,nan nan nan  
nan,nan nan nan  
nan,nan nan nan  
nan,nan nan nan  
nan,nan nan nan  
nan,nan nan nan  
nan,nan nan nan  
nan,nan nan nan  
nan,nan nan nan  
nan,nan nan nan  
nan,nan nan nan  
nan,nan nan nan  
nan,nan nan nan  
nan,nan nan nan  
nan,nan nan nan  
nan,nan nan nan  
nan,nan nan nan  
nan,nan nan nan  
nan,nan nan nan  
nan,nan nan nan  
nan,nan nan nan  
nan,nan nan nan  
nan,nan nan nan  
nan,nan nan nan  
nan,nan nan nan  
nan,nan nan nan  
nan,nan nan nan  
nan,nan nan nan  
nan,nan nan nan  
nan,nan nan nan  
nan,nan nan nan  
nan,nan nan nan  
nan,nan nan nan  
nan,nan nan nan  
nan,nan nan nan  
nan,nan nan nan  
nan,nan nan nan  
nan,nan nan nan  
nan,nan nan nan  
nan,nan nan nan  
nan,nan nan nan  
nan,nan nan nan  
nan,nan nan nan  
nan,nan nan nan  
nan,nan nan nan  
nan,nan nan nan  
nan,nan nan nan  
nan,nan nan nan  
nan,nan nan nan  
nan,nan nan nan  
nan,nan nan nan  
nan,nan nan nan  
nan,nan nan nan  
nan,nan nan nan  
nan,nan nan nan  
nan,nan nan nan  
nan,nan nan nan  
nan,nan nan nan  
nan,nan nan nan  
nan,nan nan nan  
nan,nan nan nan  
nan,nan nan nan  
nan,nan nan nan  
nan,nan nan nan  
nan,nan nan nan  
nan,nan nan nan  
nan,nan nan nan  
nan,nan nan nan  
nan,nan nan nan  
nan,nan nan nan  
nan,nan nan nan  
nan,nan nan nan  
nan,nan nan nan  
nan,nan nan nan  
nan,nan nan nan  
nan,nan nan nan  
nan,nan nan nan  
nan,nan nan nan  
nan,nan nan nan  
nan,nan nan nan  
nan,nan nan nan  
nan,nan nan nan  
nan,nan nan nan  
nan,nan nan nan  
nan,nan nan nan  
nan,nan nan nan  
nan,nan nan nan  
nan,nan nan nan  
nan,nan nan nan  
nan,nan nan nan  
nan,nan nan nan  
nan,nan nan nan  
nan,nan nan nan  
nan,nan nan nan  
nan,nan nan nan  
nan,nan nan nan  
nan,nan nan nan  
nan,nan nan nan  
nan,nan nan nan  
nan,nan nan nan  
nan,nan nan nan  
nan,nan nan nan  
nan,nan nan nan  
nan,nan nan nan  
nan,nan nan nan  
nan,nan nan nan  
nan,nan nan nan  
nan,nan nan nan  
nan,nan nan nan  
nan,nan nan nan  
nan,nan nan nan  
nan,nan nan nan  
nan,nan nan nan  
nan,nan nan nan  
nan,nan nan nan  
nan,nan nan nan  
nan,nan nan nan  
nan,nan nan nan  
nan,nan nan nan  
nan,nan nan nan  
nan,nan nan nan  
nan,nan nan nan  
nan,nan nan nan  
nan,nan nan nan  
nan,nan nan nan  
nan,nan nan nan  
nan,nan nan nan  
nan,nan nan nan  
nan,nan nan nan  
nan,nan nan nan  
nan,nan nan nan  
nan,nan nan nan  
nan,nan nan nan  
nan,nan nan nan  
nan,nan nan nan  
nan,nan nan nan  
nan,nan nan nan  
nan,nan nan nan  
nan,nan nan nan  
nan,nan nan nan  
nan,nan nan nan  
nan,nan nan nan  
nan,nan nan nan  
nan,nan nan nan  
nan,nan nan nan  
nan,nan nan nan  
nan,nan nan nan  
nan,nan nan nan  
nan,nan nan nan  
nan,nan nan nan  
nan,nan nan nan  
nan,nan nan nan  
nan,nan nan nan  
nan,nan nan nan  
nan,nan nan nan  
nan,nan nan nan  
nan,nan nan nan  
nan,nan nan nan  
nan,nan nan nan  
nan,nan nan nan  
nan,nan nan nan  
nan,nan nan nan  
nan,nan nan nan  
nan,nan nan nan  
nan,nan nan nan  
nan,nan nan nan  
nan,nan nan nan  
nan,nan nan nan  
nan,nan nan nan  
nan,nan nan nan  
nan,nan nan nan  
nan,nan nan nan  
nan,nan nan nan  
nan,nan nan nan  
nan,nan nan nan  
nan,nan nan nan  
nan,nan nan nan  
nan,nan nan nan  
nan,nan nan nan  
nan,nan nan nan  
nan,nan nan nan  
nan,nan nan nan  
nan,nan nan nan  
nan,nan nan nan  
nan,nan nan nan  
nan,nan nan nan  
nan,nan nan nan  
nan,nan nan nan  
nan,nan nan nan  
nan,nan nan nan  
nan,nan nan nan  
nan,nan nan nan  
nan,nan nan nan  
nan,nan nan nan  
nan,nan nan nan  
nan,nan nan nan  
nan,nan nan nan  
nan,nan nan nan  
nan,nan nan nan  
nan,nan nan nan  
nan,nan nan nan  
nan,nan nan nan  
nan,nan nan nan  
nan,nan nan nan  
nan,nan nan nan  
nan,nan nan nan  
nan,nan nan nan  
nan,nan nan nan  
nan,nan nan nan  
nan,nan nan nan  
nan,nan nan nan  
nan,nan nan nan  
nan,nan nan nan  
nan,nan nan nan  
nan,nan nan nan  
nan,nan nan nan  
nan,nan nan nan  
nan,nan nan nan  
nan,nan nan nan  
nan,nan nan nan  
nan,nan nan nan  
nan,nan nan nan  
nan,nan nan nan  
nan,nan nan nan  
nan,nan nan nan  
nan,nan nan nan  
nan,nan nan nan  
nan,nan nan nan  
nan,nan nan nan  
nan,nan nan nan  
nan,nan nan nan  
nan,nan nan nan  
nan,nan nan nan  
nan,nan nan nan  
nan,nan nan nan  
nan,nan nan nan  
nan,nan nan nan  
nan,nan nan nan  
nan,nan nan nan  
nan,nan nan nan  
nan,nan nan nan  
nan,nan nan nan  
nan,nan nan nan  
nan,nan nan nan  
nan,nan nan nan  
nan,nan nan nan  
nan,nan nan nan  
nan,nan nan nan  
nan,nan nan nan  
nan,nan nan nan  
nan,nan nan nan  
nan,nan nan nan  
nan,nan nan nan  
nan,nan nan nan  
nan,nan nan nan  
nan,nan nan nan  
nan,nan nan nan  
nan,nan nan nan  
nan,nan nan nan  
nan,nan nan nan  
nan,nan nan nan  
nan,nan nan nan  
nan,nan nan nan  
nan,nan nan nan  
nan,nan nan nan  
nan,nan nan nan  
nan,nan nan nan  
nan,nan nan nan  
nan,nan nan nan  
nan,nan nan nan  
nan,nan nan nan  
nan,nan nan nan  
nan,nan nan nan  
nan,nan nan nan  
nan,nan nan nan  
nan,nan nan nan  
nan,nan nan nan  
nan,nan nan nan  
nan,nan nan nan  
nan,nan nan nan  
nan,nan nan nan  
nan,nan nan nan  
nan,nan nan nan  
nan,nan nan nan  
nan,nan nan nan  
nan,nan nan nan  
nan,nan nan nan  
nan,nan nan nan  
nan,nan nan nan  
nan,nan nan nan  
nan,nan nan nan  
nan,nan nan nan  
nan,nan nan nan  
nan,nan nan nan  
nan,nan nan nan  
nan,nan nan nan  
nan,nan nan nan  
nan,nan nan nan  
nan,nan nan nan  
nan,nan nan nan  
nan,nan nan nan  
nan,nan nan nan  
nan,nan nan nan  
nan,nan nan nan  
nan,nan nan nan  
nan,nan nan nan  
nan,nan nan nan  
nan,nan nan nan  
nan,nan nan nan  
nan,nan nan nan  
nan,nan nan nan  
nan,nan nan nan  
nan,nan nan nan  
nan,nan nan nan  
nan,nan nan nan  
nan,nan nan nan  
nan,nan nan nan  
nan,nan nan nan  
nan,nan nan nan  
nan,nan nan nan  
nan,nan nan nan  
nan,nan nan nan  
nan,nan nan nan  
nan,nan nan nan  
nan,nan nan nan  
nan,nan nan nan  
nan,nan nan nan  
nan,nan nan nan  
nan,nan nan nan  
nan,nan nan nan  
nan,nan nan nan  
nan,nan nan nan  
nan,nan nan nan  
nan,nan nan nan  
nan,nan nan nan  
nan,nan nan nan  
nan,nan nan nan  
nan,nan nan nan  
nan,nan nan nan  
nan,nan nan nan  
nan,nan nan nan  
nan,nan nan nan  
nan,nan nan nan  
nan,nan nan nan  
nan,nan nan nan  
nan,nan nan nan  
nan,nan nan nan  
nan,nan nan nan  
nan,nan nan nan  
nan,nan nan nan  
nan,nan nan nan  
nan,nan nan nan  
nan,nan nan nan  
nan,nan nan nan  
nan,nan nan nan  
nan,nan nan nan  
nan,nan nan nan  
nan,nan nan nan  
nan,nan nan nan  
nan,nan nan nan  
nan,nan nan nan  
nan,nan nan nan  
nan,nan nan nan  
nan,nan nan nan  
nan,nan nan nan  
nan,nan nan nan  
nan,nan nan nan  
nan,nan nan nan  
nan,nan nan nan  
nan,nan nan nan  
nan,nan nan nan  
nan,nan nan nan  
nan,nan nan nan  
nan,nan nan nan  
nan,nan nan nan  
nan,nan nan nan  
nan,nan nan nan  
nan,nan nan nan  
nan,nan nan nan  
nan,nan nan nan  
nan,nan nan nan  
nan,nan nan nan  
nan,nan nan nan  
nan,nan nan nan  
nan,nan nan nan  
nan,nan nan nan  
nan,nan nan nan  
nan,nan nan nan  
nan,nan nan nan  
nan,nan nan nan  
nan,nan nan nan  
nan,nan nan nan  
nan,nan nan nan  
nan,nan nan nan  
nan,nan nan nan  
nan,nan nan nan  
nan,nan nan nan  
nan,nan nan nan  
nan,nan nan nan  
nan,nan nan nan  
nan,nan nan nan  
nan,nan nan nan  
nan,nan nan nan  
nan,nan nan nan  
nan,nan nan nan  
nan,nan nan nan  
nan,nan nan nan  
nan,nan nan nan  
nan,nan nan nan  
nan,nan nan nan  
nan,nan nan nan  
nan,nan nan nan  
nan,nan nan nan  
nan,nan nan nan  
nan,nan nan nan  
nan,nan nan nan  
nan,nan nan nan  
nan,nan nan nan  
nan,nan nan nan  
nan,nan nan nan  
nan,nan nan nan  
nan,nan nan nan  
nan,nan nan nan  
nan,nan nan nan  
nan,nan nan nan  
nan,nan nan nan  
nan,nan nan nan  
nan,nan nan nan  
nan,nan nan nan  
nan,nan nan nan  
nan,nan nan nan  
nan,nan nan nan  
nan,nan nan nan  
nan,nan nan nan  
nan,nan nan nan  
nan,nan nan nan  
nan,nan nan nan  
nan,nan nan nan  
nan,nan nan nan  
nan,nan nan nan  
nan,nan nan nan  
nan,nan nan nan  
nan,nan nan nan  
nan,nan nan nan  
nan,nan nan nan  
nan,nan nan nan  
nan,nan nan nan  
nan,nan nan nan  
nan,nan nan nan  
nan,nan nan nan  
nan,nan nan nan  
nan,nan nan nan  
nan,nan nan nan  
nan,nan nan nan  
nan,nan nan nan  
nan,nan nan nan  
nan,nan nan nan  
nan,nan nan nan  
nan,nan nan nan  
nan,nan nan nan  
nan,nan nan nan  
nan,nan nan nan  
nan,nan nan nan  
nan,nan nan nan  
nan,nan nan nan  
nan,nan nan nan  
nan,nan nan nan  
nan,nan nan nan  
nan,nan nan nan  
nan,nan nan nan  
nan,nan nan nan  
